noticia,sentimiento
"After 25 years, Wikipedia has proved that news doesn't need to look like news",Neutro
ASCII characters are not pixels: a deep dive into ASCII rendering,Neutro
ClickHouse acquires Langfuse,Neutro
The 600-year-old origins of the word 'hello',Neutro
Map To Poster – Create Art of your favourite city,Neutro
Show HN: Streaming gigabyte medical images from S3 without downloading them,Neutro
US electricity demand surged in 2025 – solar handled 61% of it,Neutro
The Dilbert Afterlife,Neutro
East Germany balloon escape,Neutro
"Lies, Damned Lies and Proofs: Formal Methods Are Not Slopless",Neutro
